subreddit;Geop;News;Far-Left;Econ;PolTalk;Politic;Dem;Lib;Cons;Gun;Far-Right;Ban;SocialJustice;UK;Eur;Canada;Austr
2012Elections;0;0;0;0;0;0;1;0;1;0;0;0;0;0;0;0;0
2016Elections;0;0;0;0;0;0;1;0;1;0;0;0;0;0;0;0;0
2016_elections;0;0;0;0;0;0;1;0;1;0;0;0;0;0;0;0;0
2ALiberals;0;0;0;0;0;0;0;1;0;1;0;0;0;0;0;0;0
AOC;0;0;0;0;0;1;1;0;0;0;0;0;0;0;0;0;0
Abortiondebate;0;0;0;0;0;0;0;0;0;0;0;0;1;0;0;0;0
ActiveMeasures;1;1;0;0;0;0;0;0;0;0;0;0;0;0;0;0;0
AgainstHateSubreddits;0;0;0;0;0;0;0;0;0;0;0;0;1;0;0;0;0
AgainstTheChimpire;0;0;0;0;0;0;0;0;0;0;0;1;0;0;0;0;0
Agorism;0;0;0;1;0;0;0;0;0;0;0;0;0;0;0;0;0
Albertapolitics;0;0;0;0;0;0;0;0;0;0;0;0;0;0;0;1;0
AlexandriaOcasio;0;0;0;0;0;0;1;0;0;0;0;0;0;0;0;0;0
AltRightChristian;0;0;0;0;0;0;0;0;0;0;0;1;0;0;0;0;0
AmalaNetwork;0;0;0;0;0;1;0;0;0;0;0;0;0;0;0;0;0
AmericanPolitics;0;0;0;0;0;1;0;0;0;0;0;0;0;0;0;0;0
AnCap101;0;0;0;0;0;0;0;0;0;0;1;0;0;0;0;0;0
Anarchism;0;0;1;0;0;0;0;0;0;0;0;0;0;0;0;0;0
AnarchismOnline;0;0;1;0;0;0;0;0;0;0;0;0;0;0;0;0;0
AnarchistNews;0;1;1;0;0;0;0;0;0;0;0;0;0;0;0;0;0
Anarcho_Capitalism;0;0;1;0;0;0;0;0;0;0;0;0;0;0;0;0;0
Anarchy101;0;0;1;0;0;0;0;0;0;0;0;0;0;0;0;0;0
AntiSemitismInReddit;0;0;0;0;0;0;0;0;0;0;1;0;0;0;0;0;0
AntiTrumpAlliance;0;0;0;0;0;0;1;0;0;0;0;0;0;0;0;0;0
AnticommieCringe;0;0;0;0;0;0;0;0;0;0;1;0;0;0;0;0;0
AntifascistsofReddit;0;0;1;0;0;0;0;0;0;0;0;0;0;0;0;0;0
AnybodyButHillary;0;0;0;0;0;0;1;0;0;0;0;0;0;0;0;0;0
AnythingGoesNews;0;1;0;0;0;0;0;0;0;0;0;0;0;0;0;0;0
AprogressiveParty;0;0;0;0;0;1;0;0;0;0;0;0;1;0;0;0;0
ArabIsraeliConflict;1;0;0;0;0;0;0;0;0;0;0;0;0;0;0;0;0
ArrestedCanadaBillC16;0;0;0;0;0;0;0;0;0;0;0;0;0;0;0;1;0
AsAGunOwner;0;0;0;0;0;0;0;0;0;1;0;0;0;0;0;0;0
AskALiberal;0;0;0;0;0;0;0;1;0;0;0;0;0;0;0;0;0
AskBernieSupporters;0;0;0;0;0;0;1;0;0;0;0;0;0;0;0;0;0
AskConservatives;0;0;0;0;0;0;0;0;1;0;0;0;0;0;0;0;0
AskDemocrats;0;0;0;0;0;0;1;0;0;0;0;0;0;0;0;0;0
AskEconomics;0;0;0;1;0;0;0;0;0;0;0;0;0;0;0;0;0
AskFeminists;0;0;0;0;0;0;0;0;0;0;0;0;1;0;0;0;0
AskFemmeThoughts;0;0;0;0;0;0;0;0;0;0;0;0;1;0;0;0;0
AskLibertarians;0;0;0;0;0;0;0;1;0;0;0;0;0;0;0;0;0
AskSocialScience;0;0;0;0;0;1;0;0;0;0;0;0;0;0;0;0;0
AskThe_Donald;0;0;0;0;0;0;0;0;1;0;0;0;0;0;0;0;0
AskTrumpSupporters;0;0;0;0;0;0;0;0;1;0;0;0;0;0;0;0;0
Ask_Politics;0;0;0;0;0;1;0;0;0;0;0;0;0;0;0;0;0
Ask_TheDonald;0;0;0;0;0;0;0;0;1;0;0;0;0;0;0;0;0
Askpolitics;0;0;0;0;0;1;0;0;0;0;0;0;0;0;0;0;0
AusPol;0;0;0;0;0;0;0;0;0;0;0;0;0;0;0;0;1
AustraliaLeftPolitics;0;0;0;0;0;0;0;0;0;0;0;0;0;0;0;0;1
AustralianPolitics;0;0;0;0;0;0;0;0;0;0;0;0;0;0;0;0;1
AutoNewspaper;0;1;0;0;0;0;0;0;0;0;0;0;0;0;0;0;0
BCpolitics;0;0;0;0;0;1;0;0;0;0;0;0;0;0;0;0;0
BDS;1;0;0;0;0;0;0;0;0;0;0;0;0;0;0;0;0
BadSocialScience;0;0;0;0;0;1;0;0;0;0;0;0;0;0;0;0;0
BannedFromThe_Donald;0;0;0;0;0;0;0;0;1;0;0;0;0;0;0;0;0
BasicIncome;0;0;0;0;0;1;0;0;0;0;0;0;0;0;0;0;0
BeardTube;0;0;0;0;1;1;0;0;0;0;0;0;0;0;0;0;0
BerlinTruckAttack;0;1;0;0;0;0;0;0;0;0;0;0;0;0;0;0;0
BernieSanders;0;0;0;0;0;0;1;0;0;0;0;0;0;0;0;0;0
BernieSandersSucks;0;0;0;0;0;0;0;0;1;0;0;0;0;0;0;0;0
Beto2020;0;0;0;0;0;0;1;0;0;0;0;0;0;0;0;0;0
BitcoinDiscussion;0;0;0;1;0;1;0;0;0;0;0;0;0;0;0;0;0
BlueMidterm2018;0;0;0;0;0;0;1;0;0;0;0;0;0;0;0;0;0
BreakingNews24hr;0;1;0;0;0;0;0;0;0;0;0;0;0;0;0;0;0
BritishPolitics;0;0;0;0;0;0;0;0;0;0;0;0;0;1;0;0;0
CAVDEF;0;0;0;0;0;1;0;0;0;0;0;0;0;0;0;0;0
CNNmemes;0;1;0;0;0;1;0;0;0;0;0;0;0;0;0;0;0
COMPLETEANARCHY;0;0;1;0;0;0;0;0;0;0;0;0;0;0;0;0;0
California_Politics;0;0;0;0;0;1;0;0;0;0;0;0;0;0;0;0;0
CanadaPolitics;0;0;0;0;0;0;0;0;0;0;0;0;0;0;0;1;0
CanadianPolitics;0;0;0;0;0;0;0;0;0;0;0;0;0;0;0;1;0
Capitalism;0;0;1;0;0;0;0;0;0;0;0;0;0;0;0;0;0
CapitalismVSocialism;0;0;1;0;0;0;0;0;0;0;0;0;0;0;0;0;0
Cascadia;0;0;0;0;0;1;0;0;0;0;0;0;0;0;0;0;0
CatholicPolitics;0;0;0;0;0;1;0;0;0;0;0;0;0;0;0;0;0
China_Debate;1;0;0;0;0;0;0;0;0;0;0;0;0;0;0;0;0
Classical_Liberals;0;0;0;0;0;0;0;1;0;0;0;0;0;0;0;0;0
ColoradoPolitics;0;0;0;0;0;1;0;0;0;0;0;0;0;0;0;0;0
Communalists;0;0;1;0;0;0;0;0;0;0;0;0;0;0;0;0;0
CommunismWorldwide;0;0;1;0;0;0;0;0;0;0;0;0;0;0;0;0;0
Conservative;0;0;0;0;0;0;0;0;1;0;0;0;0;0;0;0;0
ConservativeLounge;0;0;0;0;0;0;0;0;1;0;0;0;0;0;0;0;0
ConservativeMeta;0;0;0;0;0;0;0;0;1;0;0;0;0;0;0;0;0
ConservativeNewsWeb;0;1;0;0;0;0;0;0;1;0;0;0;0;0;0;0;0
ConservativesOnly;0;0;0;0;0;0;0;0;1;0;0;0;0;0;0;0;0
Conservatives_R_Us;0;0;0;0;0;0;0;0;1;0;0;0;0;0;0;0;0
DNCleaks;0;1;0;0;0;0;0;0;0;0;0;0;0;0;0;0;0
DankLeft;0;0;1;0;0;0;0;0;0;0;0;0;0;0;0;0;0
DarkEnlightenment;0;0;0;0;0;0;0;0;0;0;1;0;0;0;0;0;0
Dave_Rubin;0;0;0;0;1;0;0;0;0;0;0;0;0;0;0;0;0
DeathtoAmeriKKKa;0;0;0;0;0;0;0;0;0;0;1;0;0;0;0;0;0
DebateAltRight;0;0;0;0;0;0;0;0;0;0;0;1;0;0;0;0;0
DebateAnarchism;0;0;1;0;0;0;0;0;0;0;0;0;0;0;0;0;0
DebateCommunism;0;0;1;0;0;0;0;0;0;0;0;0;0;0;0;0;0
DebateFascism;0;0;0;0;0;0;0;0;0;0;0;1;0;0;0;0;0
DebateaCommunist;0;0;1;0;0;0;0;0;0;0;0;0;0;0;0;0;0
DemocraticSocialism;0;0;1;0;0;0;0;0;0;0;0;0;0;0;0;0;0
Democrats2020;0;0;0;0;0;0;1;0;0;0;0;0;0;0;0;0;0
DescentIntoTyranny;0;0;0;0;0;1;0;0;0;0;0;0;0;0;0;0;0
Digital_Manipulation;0;0;0;0;0;1;0;0;0;0;0;0;0;0;0;0;0
DitchMitch;0;0;0;0;0;0;1;0;0;0;0;0;1;0;0;0;0
DonaldTrumpWhiteHouse;0;0;0;0;0;0;0;0;1;0;0;0;0;0;0;0;0
Donald_Trump;0;0;0;0;0;0;0;0;1;0;0;0;0;0;0;0;0
DrainTheSwamp;0;0;0;0;0;0;0;0;1;0;0;0;0;0;0;0;0
Drumpf;0;0;0;0;0;1;0;0;0;0;0;0;0;0;0;0;0
ENLIGHTENEDCENTRISM;0;0;0;0;0;1;0;0;0;0;0;0;0;0;0;0;0
EarthStrike;0;0;0;0;0;0;0;0;0;0;0;0;1;0;0;0;0
EcoInternet;0;0;0;0;0;0;0;0;0;0;0;0;1;0;0;0;0
Economics;0;0;0;1;0;0;0;0;0;0;0;0;0;0;0;0;0
EducatingLiberals;0;0;0;0;0;0;0;1;0;0;0;0;0;0;0;0;0
Egalitarianism;0;0;0;0;0;0;0;0;0;0;0;0;1;0;0;0;0
ElizabethWarren;0;0;0;0;0;0;1;0;0;0;0;0;0;0;0;0;0
EmergingRisks;0;1;0;1;0;0;0;0;0;0;0;0;0;0;0;0;0
EndFPTP;0;0;0;0;0;1;0;0;0;0;0;0;0;0;0;0;0
EndlessWar;0;0;0;0;0;1;0;0;0;0;0;0;0;0;0;0;0
EnoughCapitalistSpam;0;0;1;0;0;0;0;0;0;0;0;0;0;0;0;0;0
EnoughCommieSpam;0;0;0;0;0;0;0;0;0;0;1;0;0;0;0;0;0
EnoughIDWspam;0;1;0;0;0;1;0;0;0;0;0;0;0;0;0;0;0
EnoughLibertarianSpam;0;0;0;0;0;0;0;1;0;0;0;0;0;0;0;0;0
EnoughObamaSpam;0;0;0;0;0;0;0;0;1;0;0;0;0;0;0;0;0
EnoughPaulSpam;0;0;0;0;0;0;1;0;0;0;0;0;0;0;0;0;0
EnoughTrumpSpam;0;0;0;0;0;0;1;0;0;0;0;0;0;0;0;0;0
Enough_AOC_Spam;0;0;0;0;0;0;1;0;0;0;0;0;0;0;0;0;0
Enough_Sanders_Spam;0;0;0;0;0;0;0;0;1;0;0;0;0;0;0;0;0
EuropeMeta;0;0;0;0;0;0;0;0;0;0;0;0;0;0;1;0;0
EuropeanFederalists;0;0;0;0;0;0;0;0;0;0;0;0;0;0;1;0;0
EuropeanSocialists;0;0;0;0;0;0;0;0;0;0;0;0;0;0;1;0;0
ExplainBothSides;0;0;0;0;0;1;0;0;0;0;0;0;0;0;0;0;0
FLgovernment;0;0;0;0;0;1;0;0;0;0;0;0;0;0;0;0;0
FULLCOMMUNISM;0;0;1;0;0;0;0;0;0;0;0;0;0;0;0;0;0
FULLDISCOURSE;0;0;1;0;0;1;0;0;0;0;0;0;0;0;0;0;0
FakeProgressives;0;0;1;0;0;0;0;0;0;0;0;0;0;0;0;0;0
FeMRADebates;0;0;0;0;0;0;0;0;0;0;0;0;1;0;0;0;0
FemraMeta;0;0;0;0;0;0;0;0;0;0;0;0;1;0;0;0;0
FoxFiction;0;1;0;0;0;1;0;0;0;0;0;0;0;0;0;0;0
Foxhidesinfo;0;1;0;0;0;1;0;0;0;0;0;0;0;0;0;0;0
FreeEuropeNews;0;0;0;0;0;0;0;0;0;0;0;0;0;0;1;0;0
FreePolDiscussion;0;0;0;0;1;1;0;0;0;0;0;0;0;0;0;0;0
FreeSpeech;0;1;0;0;0;0;0;0;0;0;0;0;0;0;0;0;0
FreeSpeechWorld;0;1;0;0;0;0;0;0;0;0;0;1;0;0;0;0;0
Freethought;0;1;0;0;0;0;0;0;0;0;0;0;0;0;0;0;0
FriendsofthePod;0;0;0;0;0;0;1;0;0;0;0;0;0;0;0;0;0
Fuckthealtright;0;0;1;0;0;0;1;0;0;0;0;0;0;0;0;0;0
Full_news;0;1;0;0;0;0;0;0;0;0;0;0;0;0;0;0;0
GAPol;0;0;0;0;0;1;0;0;0;0;0;0;0;0;0;0;0
GBPolitics;0;0;0;0;0;0;0;0;0;0;0;0;0;1;0;0;0
GUARDIANauto;0;1;0;0;0;0;0;0;0;0;0;0;0;0;0;0;0
GaryJohnson;0;0;0;0;0;0;0;1;0;0;0;0;0;0;0;0;0
GenZedong;0;0;1;0;0;0;0;0;0;0;0;0;0;0;0;0;0
GeneralStrikeUSA;0;0;0;0;0;0;0;0;0;0;0;0;1;0;0;0;0
GoldandBlack;0;0;1;0;0;0;0;0;0;0;0;0;0;0;0;0;0
Government_is_lame;0;0;1;0;0;0;0;0;0;0;0;0;0;0;0;0;0
GrassrootsSelect;0;0;0;0;0;0;1;0;0;0;0;0;0;0;0;0;0
GreenAndPleasant;0;0;1;0;0;0;0;0;0;0;0;0;0;1;0;0;0
GreenNewDeal;0;0;0;0;0;0;0;0;0;0;0;0;1;0;0;0;0
GreenParty;0;0;0;0;0;0;0;0;0;0;0;0;1;0;0;0;0
GunsAreCool;0;0;0;0;0;0;0;0;0;1;0;0;0;0;0;0;0
HBDstats;0;0;0;0;0;0;0;0;0;0;0;1;0;0;0;0;0
HanAssholeSolo;0;0;0;0;0;0;0;0;0;0;1;0;0;0;0;0;0
HateSubsInAction;0;0;0;0;0;0;0;0;0;0;0;0;1;0;0;0;0
HeadlineCorrections;0;0;0;0;0;1;0;0;0;0;0;0;0;0;0;0;0
Hillary;0;0;0;0;0;0;1;0;0;0;0;0;0;0;0;0;0
HillaryForAmerica;0;0;0;0;0;0;1;0;0;0;0;0;0;0;0;0;0
HillaryForPrison;0;0;0;0;0;0;0;0;1;0;0;0;0;0;0;0;0
HongKongProtest;1;1;0;0;0;0;0;0;0;0;0;0;0;0;0;0;0
IAMALiberalFeminist;0;0;0;0;0;0;0;0;0;0;0;0;1;0;0;0;0
IDontLikeRPolitics;0;0;0;0;0;0;0;0;0;0;0;1;0;0;0;0;0
IWG;0;0;0;0;0;1;0;0;0;0;0;0;0;0;0;0;0
IWW;0;0;0;0;0;0;0;0;0;0;0;0;1;0;0;0;0
Identitarians;0;0;0;0;0;0;0;0;0;0;0;1;1;0;0;0;0
ImABlue;0;0;0;0;0;0;0;0;0;0;0;1;0;0;0;0;0
Impeach_Trump;0;0;0;0;0;0;1;0;0;0;0;0;0;0;0;0;0
ImpeachmentWatch;0;0;0;0;0;1;0;0;0;0;0;0;0;0;0;0;0
IndoPakDialogue;1;0;0;0;0;1;0;0;0;0;0;0;0;0;0;0;0
IntellectualDarkWeb;0;0;0;0;0;1;0;0;0;0;0;0;0;0;0;0;0
Intelligence;0;0;0;0;0;1;0;0;0;0;0;0;0;0;0;0;0
IntelligenceNews;0;1;0;0;0;0;0;0;0;0;0;0;0;0;0;0;0
InternationalNews;0;1;0;0;0;0;0;0;0;0;0;0;0;0;0;0;0
IronFrontUSA;0;0;1;0;0;0;0;0;0;0;0;0;1;0;0;0;0
IslamUnveiled;0;0;0;0;0;0;0;0;0;0;0;1;0;0;0;0;0
Israel;1;0;0;0;0;0;0;0;0;0;0;0;0;0;0;0;0
IsraelPalestine;1;0;0;0;0;0;0;0;0;0;0;0;0;0;0;0;0
IsraelSubredditWatch;1;0;0;0;0;0;0;0;0;0;0;0;0;0;0;0;0
Israel_Palestine;1;0;0;0;0;0;0;0;0;0;0;0;0;0;0;0;0
JamesDamore;0;0;0;0;0;0;0;0;0;0;0;0;1;0;0;0;0
JoeBiden;0;0;0;0;0;0;1;0;0;0;0;0;0;0;0;0;0
JordanPeterson;0;0;0;0;0;1;0;0;0;0;0;0;0;0;0;0;0
Jreg;0;0;0;0;0;1;0;0;0;0;0;0;0;0;0;0;0
Kamala;0;0;0;0;0;0;1;0;0;0;0;0;0;0;0;0;0
KasichForPresident;0;0;0;0;0;0;0;0;1;0;0;0;0;0;0;0;0
KeepOurNetFree;0;0;0;0;0;1;0;0;0;0;0;0;0;0;0;0;0
Keep_Track;0;0;0;0;0;1;0;0;0;0;0;0;0;0;0;0;0
KochWatch;0;0;0;1;0;0;0;0;0;0;0;0;0;0;0;0;0
Kossacks_for_Sanders;0;0;0;0;0;0;1;0;0;0;0;0;0;0;0;0;0
Labour;0;1;0;0;0;0;0;0;0;0;0;0;0;1;0;0;0
LabourUK;0;1;0;0;0;0;0;0;0;0;0;0;0;1;0;0;0
LateStageCommunism;0;0;1;0;0;1;0;0;0;0;0;0;0;0;0;0;0
LateStageImperialism;1;0;1;0;0;0;0;0;0;0;0;0;0;0;0;0;0
LateStageSocialism;0;0;1;0;0;0;0;0;0;0;0;0;0;0;0;0;0
Le_Pen;0;0;0;0;0;0;0;0;0;0;1;0;0;0;1;0;0
LeftWingMaleAdvocates;0;0;0;0;0;1;0;0;0;0;0;0;0;0;0;0;0
LeftWithoutEdge;0;0;1;0;0;0;0;0;0;0;0;0;0;0;0;0;0
LeftieZ;0;0;1;0;0;0;0;0;0;0;0;0;0;0;0;0;0
LeftistHotTakes;0;0;1;0;0;0;0;0;0;0;0;0;0;0;0;0;0
Lessig2016;0;0;0;0;0;0;1;0;0;0;0;0;0;0;0;0;0
LevantineWar;1;0;0;0;0;0;0;0;0;0;0;0;0;0;0;0;0
LibDem;0;0;0;0;0;0;1;1;0;0;0;0;0;0;0;0;0
Liberal;0;0;0;0;0;0;0;1;0;0;0;0;0;0;0;0;0
Liberalist;0;0;0;0;0;0;0;1;0;0;0;0;0;0;0;0;0
LiberalsvsNazis;0;0;0;0;0;0;0;1;0;0;0;0;0;0;0;0;0
Libertarian;0;0;0;0;0;0;0;1;0;0;0;0;0;0;0;0;0
LibertarianDebates;0;0;0;0;0;0;0;1;0;0;0;0;0;0;0;0;0
LibertarianFreeState;0;0;0;0;0;0;0;1;0;0;0;0;0;0;0;0;0
LibertarianLeft;0;0;1;0;0;0;0;1;0;0;0;0;0;0;0;0;0
LibertarianPartyUSA;0;0;0;0;0;1;0;1;0;0;0;0;0;0;0;0;0
LibertarianUncensored;0;0;0;0;0;0;0;1;0;0;0;0;0;0;0;0;0
LouderWithCrowder;0;0;0;0;1;0;0;0;0;0;0;0;0;0;0;0;0
MENAConflicts;1;0;0;0;0;0;0;0;0;0;0;0;0;0;0;0;0
MarchAgainstNazis;0;0;1;0;0;0;0;0;0;0;0;0;1;0;0;0;0
MarchAgainstTrump;0;0;0;0;0;0;1;0;0;0;0;0;0;0;0;0;0
MarchForNetNeutrality;0;0;0;0;0;1;0;0;0;0;0;0;0;0;0;0;0
MarchForScience;0;0;0;0;0;1;0;0;0;0;0;0;0;0;0;0;0
Marco_Rubio;0;0;0;0;0;0;0;0;1;0;0;0;0;0;0;0;0
MarketAnarchism;0;0;1;0;0;0;0;0;0;0;0;0;0;0;0;0;0
Marxism;0;0;1;0;0;0;0;0;0;0;0;0;0;0;0;0;0
MassachusettsPolitics;0;0;0;0;0;1;0;0;0;0;0;0;0;0;0;0;0
MedicareForAll;0;0;0;0;0;0;0;0;0;0;0;0;1;0;0;0;0
MensRightsMeta;0;0;0;0;0;0;0;0;0;0;0;0;1;0;0;0;0
MetaRepublican;0;0;0;0;0;0;0;0;1;0;0;0;0;0;0;0;0
MideastPeace;1;0;0;0;0;1;0;0;0;0;0;0;0;0;0;0;0
MissouriPolitics;0;0;0;0;0;1;0;0;0;0;0;0;0;0;0;0;0
MobilizedMinds;0;0;0;0;0;1;0;0;0;0;0;0;0;0;0;0;0
ModernPropaganda;0;1;0;0;0;1;0;0;0;0;0;0;0;0;0;0;0
MoreTankieChapo;0;0;1;0;0;0;0;0;0;0;0;1;0;0;0;0;0
Mueller;1;0;0;0;0;0;0;0;0;0;0;0;0;0;0;0;0
MurderedByAOC;0;0;0;0;0;0;1;0;0;0;0;0;0;0;0;0;0
NATOrussianconflict;1;0;0;0;0;0;0;0;0;0;0;0;0;0;0;0;0
NOWTTYG;0;0;0;0;0;0;0;0;0;1;0;0;0;0;0;0;0
NSALeaks;0;1;0;0;0;0;0;0;0;0;0;0;0;0;0;0;0
NationalSocialism;0;0;0;0;0;0;0;0;0;0;1;1;0;0;0;0;0
NegaRedditRedux;0;0;0;0;0;1;0;0;0;0;0;0;0;0;0;0;0
NeutralPolitics;0;0;0;0;0;1;0;0;0;0;0;0;0;0;0;0;0
NeutralTalk;0;0;0;0;0;1;0;0;0;0;0;0;0;0;0;0;0
NeverTrump;0;0;0;0;0;0;1;0;0;0;0;0;0;0;0;0;0
NewJerseyuncensored;0;0;0;0;0;1;0;0;0;0;0;0;0;0;0;0;0
NewPatriotism;0;0;0;0;0;1;0;0;0;0;1;0;0;0;0;0;0
New_Jersey_Politics;0;0;0;0;0;1;0;0;0;0;0;0;0;0;0;0;0
NewsWhatever;0;1;0;0;0;0;0;0;0;0;0;0;0;0;0;0;0
Newsy;0;1;0;0;0;0;0;0;0;0;0;0;0;0;0;0;0
NoFilterNews;0;1;0;0;0;0;0;0;0;0;0;0;0;0;0;0;0
NoNetNeutrality;0;0;0;0;0;1;0;0;0;0;0;0;0;0;0;0;0
NonAustrianEconomics;0;0;0;1;0;0;0;0;0;0;0;0;0;0;0;0;0
NorthKoreaNews;1;1;0;0;0;0;0;0;0;0;0;0;0;0;0;0;0
Objectivism;0;0;0;0;0;1;0;0;0;0;0;0;0;0;0;0;0
Occupy;0;1;1;0;0;0;0;0;0;0;0;0;1;0;0;0;0
OntarioPolitics;0;0;0;0;0;0;0;0;0;0;0;0;0;0;0;1;0
OperationPullRyan;0;0;0;0;0;0;0;0;1;0;0;0;0;0;0;0;0
Oregon_Politics;0;0;0;0;0;1;0;0;0;0;0;0;0;0;0;0;0
OurPresident;0;0;0;0;0;0;1;0;0;0;0;0;0;0;0;0;0
Our_Politics;0;0;0;0;0;1;0;0;0;0;0;0;0;0;0;0;0
POLITIC;0;0;0;0;0;1;0;0;0;0;0;0;0;0;0;0;0
POTUSWatch;0;0;0;0;0;1;0;0;0;0;0;0;0;0;0;0;0
Palestine;1;0;0;0;0;0;0;0;0;0;0;0;0;0;0;0;0
PalestineCircleJerk;1;0;0;0;0;0;0;0;0;0;0;0;0;0;0;0;0
PalestineIntifada;1;0;0;0;0;0;0;0;0;0;0;0;0;0;0;0;0
PanicHistory;0;0;0;0;0;1;0;0;0;0;0;0;0;0;0;0;0
PeoplesPartyofCanada;0;0;0;0;0;0;0;0;0;0;0;0;0;0;0;1;0
Pete_Buttigieg;0;0;0;0;0;0;1;0;0;0;0;0;0;0;0;0;0
Physical_Removal;0;0;0;0;0;0;0;0;0;0;1;1;0;0;0;0;0
Polcompball;0;0;0;0;0;1;0;0;0;0;0;0;0;0;0;0;0
Policy2011;0;0;0;0;0;0;0;0;0;0;0;0;0;1;0;0;0
PoliticalCompass;0;0;0;0;0;1;0;0;0;0;0;0;0;0;0;0;0
PoliticalCompassMemes;0;0;0;0;0;1;0;0;0;0;0;0;0;0;0;0;0
PoliticalDiscussion;0;0;0;0;0;1;0;0;0;0;0;0;1;0;0;0;0
PoliticalHorrorStory;0;0;0;0;0;1;0;0;0;0;0;0;0;0;0;0;0
PoliticalHumor;0;0;0;0;0;1;0;0;0;0;0;0;0;0;0;0;0
PoliticalHumour;0;0;0;0;0;1;0;0;0;0;0;0;0;0;0;0;0
PoliticalMemes;0;0;0;0;0;1;0;0;0;0;0;0;0;0;0;0;0
PoliticalOpinions;0;0;0;1;0;1;0;0;0;0;0;0;0;0;0;0;0
PoliticalPhilosophy;0;0;0;0;0;1;0;0;0;0;0;0;0;0;0;0;0
PoliticalVideo;0;0;0;0;0;1;0;0;0;0;0;0;0;0;0;0;0
Political_Revolution;0;0;1;0;0;0;1;0;0;0;0;0;1;0;0;0;0
Political_Tumor;0;0;0;0;0;1;0;0;0;0;0;0;0;0;0;0;0
Political_Tweets;0;0;0;0;0;1;0;0;0;0;0;0;0;0;0;0;0
Postleftanarchism;0;0;1;0;0;0;0;0;0;0;0;0;0;0;0;0;0
PragerUrine;0;0;0;0;0;0;0;1;0;0;0;0;0;0;0;0;0
Pragmatism;0;0;0;0;0;1;0;0;0;0;0;0;0;0;0;0;0
PraxAcceptance;0;0;0;0;0;1;0;1;0;0;0;1;0;0;0;0;0
PresidentWarren;0;0;0;0;0;0;1;0;0;0;0;0;0;0;0;0;0
PresidentialRaceMemes;0;0;0;0;0;1;0;0;0;0;0;0;0;0;0;0;0
PublicLands;0;1;0;0;0;1;0;0;0;0;0;0;0;0;0;0;0
Pyongyang;1;0;0;0;0;0;0;0;0;0;0;0;0;0;0;0;0
QualitySocialism;0;0;1;0;0;0;0;0;0;0;0;0;0;0;0;0;0
RedEnsign;0;0;0;0;0;0;0;0;0;0;0;0;0;1;0;1;0
ReddLineNews;0;1;0;0;0;0;0;0;0;0;0;0;0;0;0;0;0
RedditCensors;0;0;0;0;0;1;0;0;0;0;0;0;0;0;0;0;0
RedsKilledTrillions;0;0;0;0;0;0;0;0;0;0;1;0;0;0;0;0;0
Reform_The_DNC;0;0;0;0;0;0;1;0;0;0;0;0;0;0;0;0;0
Republican;0;0;0;0;0;0;0;0;1;0;0;0;0;0;0;0;0
RepublicanValues;0;0;0;0;0;0;0;0;1;0;0;0;0;0;0;0;0
RepublicansForSanders;0;0;0;0;0;0;0;0;1;0;0;0;0;0;0;0;0
Right_Wing_Politics;0;0;0;0;0;0;0;0;1;0;0;1;0;0;0;0;0
RightwingLGBT;0;0;0;0;0;0;0;0;0;0;1;1;1;0;0;0;0
RiseUPP;0;0;0;0;0;0;0;0;0;0;0;0;1;0;0;0;0
Romney;0;0;0;0;0;0;0;0;1;0;0;0;0;0;0;0;0
RsocialismMeta;0;0;1;0;0;0;0;0;0;0;0;0;0;0;0;0;0
RussiaLago;1;0;0;0;0;0;0;0;0;0;0;0;0;0;0;0;0
SRSDiscussion;0;0;0;0;0;0;0;0;0;0;0;0;1;0;0;0;0
SandersForPresident;0;0;0;0;0;0;1;0;0;0;0;0;0;0;0;0;0
SargonofAkkad;0;0;0;0;0;0;0;0;0;0;1;0;0;1;0;0;0
SelfAwarewolves;0;0;0;0;0;1;0;0;0;0;0;0;0;0;0;0;0
SethRich;0;0;0;0;0;0;0;0;0;0;0;1;0;0;0;0;0
ShitLiberalsSay;0;0;1;0;0;0;0;0;0;0;0;0;0;0;0;0;0
ShitNeoconsSay;0;0;0;0;0;0;0;0;0;0;0;1;0;0;0;0;0
ShitPoliticsSays;0;0;0;0;0;1;0;0;0;0;0;0;0;0;0;0;0
ShitPoppinKreamSays;0;0;0;0;0;1;0;0;0;0;0;0;0;0;0;0;0
ShitRConservativeSays;0;0;0;0;0;0;1;0;0;0;0;0;0;0;0;0;0
ShitThe_DonaldSays;0;0;0;0;0;0;1;0;0;0;0;0;0;0;0;0;0
Shitstatistssay;0;0;0;0;0;1;0;0;0;0;0;0;0;0;0;0;0
ShittyDebateCommunism;0;0;0;0;0;1;0;0;0;0;0;0;0;0;0;0;0
Sino;0;1;1;0;0;0;0;0;0;0;0;0;0;0;0;0;0
SmugIdeologyMan;0;0;0;0;0;1;0;0;0;0;0;0;0;0;0;0;0
SocialDemocracy;0;0;0;0;0;1;0;0;0;0;0;0;0;0;0;0;0
SocialismVCapitalism;0;0;1;0;0;0;0;0;0;0;0;0;0;0;0;0;0
Socialism_101;0;0;1;0;0;0;0;0;0;0;0;0;0;0;0;0;0
Sorosforprison;0;0;0;0;0;0;0;0;0;0;0;1;0;0;0;0;0
SpeechFree;0;1;0;0;0;0;0;0;0;0;0;0;0;0;0;0;0
StillSandersForPres;0;0;0;0;0;0;1;0;0;0;0;0;0;0;0;0;0
StormfrontorSJW;0;0;0;0;0;1;0;0;0;0;0;0;0;0;0;0;0
SyndiesUnited;0;0;0;0;0;0;0;0;0;0;0;0;1;0;0;0;0
SyrianRebels;1;0;0;0;0;0;0;0;0;0;0;0;0;0;0;0;0
TYT;0;0;0;0;1;0;0;0;0;0;0;0;0;0;0;0;0
TedCruzForPresident;0;0;0;0;0;0;0;0;1;0;0;0;0;0;0;0;0
TennesseePolitics;0;0;0;0;0;1;0;0;0;0;0;0;0;0;0;0;0
TexasPolitics;0;0;0;0;0;1;0;0;0;0;0;0;0;0;0;0;0
ThanksObama;0;0;0;0;0;0;1;0;0;0;0;0;0;0;0;0;0
The3rdPosition;0;0;0;0;0;0;0;0;0;0;1;1;0;0;0;0;0
TheColorIsBlue;0;1;0;0;0;1;0;0;0;0;0;0;0;0;0;0;0
TheColorIsRed;0;1;0;0;0;1;0;0;0;0;0;0;0;0;0;0;0
TheLeftCantMeme;0;0;0;0;0;0;0;0;1;0;0;0;0;0;0;0;0
TheMajorityReport;0;1;0;0;0;0;0;0;0;0;0;0;0;0;0;0;0
TheMotte;0;0;0;0;0;1;0;0;0;0;0;0;0;0;0;0;0
TheNewRight;0;0;0;0;0;0;0;0;0;0;1;1;0;0;0;0;0
TheNewsFeed;0;1;0;0;0;0;0;0;0;0;0;0;0;0;0;0;0
TheRecordCorrected;0;1;0;0;0;0;0;0;0;0;0;0;0;0;0;0;0
The_Cabal;0;0;0;0;0;0;0;0;0;0;0;1;0;0;0;0;0
The_Congress;0;0;0;0;0;1;0;0;0;0;0;0;0;0;0;0;0
The_Donald;0;0;0;0;0;0;0;0;1;0;0;1;0;0;0;0;0
The_Donald_CA;0;0;0;0;0;0;0;0;1;0;0;0;0;0;0;0;0
The_Europe;0;0;0;0;0;0;0;0;0;0;0;1;0;0;1;0;0
The_Farage;0;0;0;0;0;0;0;0;0;0;1;0;0;1;0;0;0
The_Leftorium;0;0;1;0;0;0;0;0;0;0;0;0;0;0;0;0;0
The_Mueller;0;0;0;0;0;1;0;0;0;0;0;0;0;0;0;0;0
The_MuellerMeltdown;0;0;0;0;0;1;0;0;0;0;0;0;0;0;0;0;0
ThisButUnironically;0;0;0;0;0;1;0;0;0;0;0;0;0;0;0;0;0
ThreeArrows;0;0;1;0;0;0;0;0;0;0;0;0;0;0;0;0;0
TiADiscussion;0;1;0;0;0;1;0;0;0;0;0;0;0;0;0;0;0
TimCanova;0;0;0;0;0;0;1;0;0;0;0;0;0;0;0;0;0
TommyRobinson;0;0;0;0;0;0;0;0;0;0;1;0;0;1;0;0;0
TraaButNoCommies;0;0;0;0;0;0;0;0;0;0;1;0;1;0;0;0;0
TrueCatholicPolitics;0;0;0;0;0;1;0;0;0;0;0;0;0;0;0;0;0
TruePoliticalHumor;0;0;0;0;0;1;0;0;0;0;0;0;0;0;0;0;0
TrueReddit;0;1;0;0;0;1;0;0;0;0;0;0;0;0;0;0;0
TrueTrueReddit;0;1;0;0;0;1;0;0;0;0;0;0;0;0;0;0;0
True_AskAConservative;0;0;0;0;0;0;0;0;1;0;0;0;0;0;0;0;0
TrumpCriticizesTrump;0;0;0;0;0;0;0;0;1;0;0;0;0;0;0;0;0
TrumpForPrison;0;0;0;0;0;0;1;0;0;0;0;0;0;0;0;0;0
Trump_Watch;0;0;0;0;0;0;0;0;1;0;0;0;0;0;0;0;0
Trumpgret;0;0;0;0;0;0;0;0;1;0;0;0;0;0;0;0;0
Trumpgrets;0;0;0;0;0;0;0;0;1;0;0;0;0;0;0;0;0
UK_Politics;0;0;0;0;0;0;0;0;0;0;0;0;0;1;0;0;0
UMukhasimAutoNews;0;1;0;0;0;0;0;0;0;0;0;0;0;0;0;0;0
USNEWS;0;1;0;0;0;0;0;0;0;0;0;0;0;0;0;0;0
UkrainianConflict;1;0;0;0;0;0;0;0;0;0;0;0;0;0;0;0;0
Ultraleft;0;0;1;0;0;0;0;0;0;0;0;0;0;0;0;0;0
UnbiasedCanada;0;0;0;0;0;0;0;0;0;0;0;0;0;0;0;1;0
VaushVidya;0;0;1;0;0;0;0;0;0;0;0;0;1;0;0;0;0
VirginiaPolitics;0;0;0;0;0;1;0;0;0;0;0;0;0;0;0;0;0
VoteBlue;0;0;0;0;0;0;1;0;0;0;0;0;0;0;0;0;0
Vote_Trump;0;0;0;0;0;0;0;0;1;0;0;0;0;0;0;0;0
WatchRedditDie;0;0;0;0;0;1;0;0;0;0;0;0;0;0;0;0;0
WayOfTheAloha;0;0;0;0;0;0;1;0;0;0;0;0;0;0;0;0;0
WayOfTheBern;0;0;0;0;0;0;1;0;0;0;0;0;0;0;0;0;0
WhatsMyIdeology;0;0;0;0;0;1;0;0;0;0;0;0;0;0;0;0;0
WhereAreTheChildren;0;0;0;0;0;0;0;0;0;0;0;0;1;0;0;0;0
WhereIsAssange;0;0;0;0;0;0;0;0;0;0;0;0;1;0;0;0;1
WhiteRights;0;0;0;0;0;0;0;0;0;0;1;1;0;0;0;0;0
WikiInAction;0;0;0;0;0;1;0;0;0;0;0;0;0;0;0;0;0
WikiLeaks;0;1;0;0;0;0;0;0;0;0;0;0;0;0;0;0;0
YangForPresident;0;0;0;0;0;0;1;0;0;0;0;0;0;0;0;0;0
YangForPresidentHQ;0;0;0;0;0;0;1;0;0;0;0;0;0;0;0;0;0
YangGang;0;0;0;0;0;0;1;0;0;0;0;0;0;0;0;0;0
YemeniCrisis;1;0;0;0;0;0;0;0;0;0;0;0;0;0;0;0;0
Zionism;1;0;0;0;0;0;0;0;0;0;0;0;0;0;0;0;0
abetterworldnews;1;1;0;0;0;0;0;0;0;0;0;0;0;0;0;0;0
accidentallycommunist;0;0;1;0;0;0;0;0;0;0;0;0;0;0;0;0;0
acteuropa;0;0;0;0;0;0;0;0;0;0;0;0;0;0;1;0;0
actualconspiracies;0;0;0;0;0;1;0;0;0;0;0;0;0;0;0;0;0
actualliberalgunowner;0;0;0;0;0;0;0;1;0;1;0;0;0;0;0;0;0
agitation;0;0;0;0;0;0;0;0;0;0;0;0;1;0;0;0;0
alltheleft;0;0;1;0;0;0;0;0;0;0;0;0;0;0;0;0;0
altnewz;0;1;0;0;0;0;0;0;0;0;0;0;0;0;0;0;0
altright;0;0;0;0;0;0;0;0;0;0;1;1;0;0;0;0;0
anarcho_primitivism;0;0;1;0;0;0;0;0;0;0;0;0;0;0;0;0;0
anarchocommunism;0;0;1;0;0;0;0;0;0;0;0;0;0;0;0;0;0
anarchomemes;0;0;1;0;0;0;0;0;0;0;0;0;0;0;0;0;0
anarchy;0;0;1;0;0;0;0;0;0;0;0;0;0;0;0;0;0
antifa;0;0;1;0;0;0;0;0;0;0;0;1;0;0;0;0;0
antifapassdenied;0;0;1;0;0;0;0;0;0;0;0;0;0;0;0;0;0
antiwar;0;0;0;0;0;0;0;0;0;0;0;0;1;0;0;0;0
arizonapolitics;0;0;0;0;0;1;0;0;0;0;0;0;0;0;0;0;0
askaconservative;0;0;0;0;0;0;0;0;1;0;0;0;0;0;0;0;0
askhillarysupporters;0;0;0;0;0;0;1;0;0;0;0;0;0;0;0;0;0
atheismplus;0;0;0;0;0;1;0;0;0;0;0;0;0;0;0;0;0
austrian_economics;0;0;0;1;0;0;0;0;0;0;0;0;0;0;0;0;0
badeconomics;0;0;0;1;0;0;0;0;0;0;0;0;0;0;0;0;0
badgovnofreedom;0;0;0;0;0;1;0;0;0;0;0;0;0;0;0;0;0
badpolitics;0;0;0;0;0;1;0;0;0;0;0;0;0;0;0;0;0
benshapiro;0;0;0;0;0;0;0;0;1;0;0;0;0;0;0;0;0
bernie;0;0;0;0;0;0;1;0;0;0;0;0;0;0;0;0;0
bernieblindness;0;0;0;0;0;0;1;0;0;0;0;0;0;0;0;0;0
besteurope;0;0;0;0;0;0;0;0;0;0;0;0;0;0;1;0;0
betternews;0;1;0;0;0;0;0;0;0;0;0;0;0;0;0;0;0
brealism;0;0;1;0;0;0;0;0;0;0;0;0;1;0;0;0;0
brexit;0;0;0;0;0;0;0;0;0;0;0;0;0;1;0;0;0
calexit;0;0;0;0;0;1;0;0;0;0;0;0;0;0;0;0;0
canadaleft;0;0;1;0;0;0;0;0;0;0;0;0;0;0;0;1;0
capitalism_in_decay;0;0;1;0;0;0;0;0;0;0;0;0;0;0;0;0;0
censorship;0;0;0;0;0;1;0;0;0;0;0;0;1;0;0;0;0
centerleftpolitics;0;0;1;0;0;0;0;0;0;0;0;0;0;0;0;0;0
centrist;0;0;0;0;0;1;0;0;0;0;0;0;0;0;0;0;0
chinareddits;1;0;0;0;0;0;0;0;0;0;0;0;0;0;0;0;0
chomsky;0;0;1;0;0;0;0;0;0;0;0;0;1;0;0;0;0
climateskeptics;0;0;0;0;0;1;0;0;0;0;0;0;0;0;0;0;0
communism;0;0;1;0;0;0;0;0;0;0;0;0;0;0;0;0;0
communism101;0;0;1;0;0;0;0;0;0;0;0;0;0;0;0;0;0
communists;0;0;1;0;0;0;0;0;0;0;0;0;0;0;0;0;0
conservativecartoons;0;0;0;0;0;0;0;0;1;0;0;0;0;0;0;0;0
conservatives;0;0;0;0;0;0;0;0;1;0;0;0;0;0;0;0;0
conspiracyfact;0;0;0;0;0;1;0;0;0;0;0;0;0;0;0;0;0
conspiratocracy;0;0;0;0;0;1;0;0;0;0;0;0;0;0;0;0;0
craftofintelligence;0;1;0;0;0;0;0;0;0;0;0;0;0;0;0;0;0
cyberlaws;0;0;0;0;0;1;0;0;0;0;0;0;0;0;0;0;0
daverubin;0;0;0;0;1;0;0;0;1;0;0;0;0;0;0;0;0
debateAMR;0;0;0;0;0;0;0;0;0;0;0;0;1;0;0;0;0
debatepoliticalphil;0;0;0;0;0;1;0;0;0;0;0;0;0;0;0;0;0
democraticparty;0;0;0;0;0;0;1;0;0;0;0;0;0;0;0;0;0
democrats;0;0;0;0;0;0;1;0;0;0;0;0;0;0;0;0;0
demsocialist;0;0;1;0;0;0;0;0;0;0;0;0;0;0;0;0;0
demsocialists;0;0;1;0;0;0;0;0;0;0;0;0;0;0;0;0;0
dirtbagcenter;0;0;0;0;0;1;0;0;0;0;0;0;0;0;0;0;0
distributism;0;0;0;1;0;0;0;0;0;0;0;0;0;0;0;0;0
donaldtrump;0;0;0;0;0;0;0;0;1;0;0;1;0;0;0;0;0
dsa;0;0;1;0;0;0;0;0;0;0;0;0;0;0;0;0;0
econmonitor;0;0;0;1;0;0;0;0;0;0;0;0;0;0;0;0;0
economy;0;0;0;1;0;0;0;0;0;0;0;0;0;0;0;0;0
enoughpetersonspam;0;0;0;0;0;0;0;0;0;0;0;0;0;1;0;0;0
enoughsandersspam;0;0;0;0;0;0;1;0;0;0;0;0;0;0;0;0;0
esist;0;1;0;0;0;0;0;0;0;0;0;0;0;0;0;0;0
europeannationalism;0;0;0;0;0;0;0;0;0;0;1;1;0;0;1;0;0
europeans;0;0;0;0;0;0;0;0;0;0;0;0;0;0;1;0;0
europeanunion;0;0;0;0;0;0;0;0;0;0;0;0;0;0;1;0;0
europes;0;0;0;0;0;0;0;0;0;0;0;0;0;0;1;0;0
evolutionReddit;0;0;0;0;0;1;0;0;0;0;0;0;0;0;0;0;0
exlibertarian;0;0;0;0;0;0;0;1;0;0;0;0;0;0;0;0;0
fascist;0;0;0;0;0;0;0;0;0;0;1;1;0;0;0;0;0
feminismformen;0;0;0;0;0;0;0;0;0;0;0;0;1;0;0;0;0
fivethirtyeight;0;0;0;0;0;1;0;0;0;0;0;0;0;0;0;0;0
foreignpolicy;1;0;0;0;0;0;0;0;0;0;0;0;0;0;0;0;0
fullstalinism;0;0;1;0;0;0;0;0;0;0;0;0;0;0;0;0;0
futuristparty;0;0;0;0;0;1;0;0;0;0;0;0;0;0;0;0;0
geopolitics;1;0;0;0;0;0;0;0;0;0;0;0;0;0;0;0;0
georgism;0;0;0;0;0;1;0;0;0;0;0;0;0;0;0;0;0
globalistshills;0;0;0;0;0;1;0;0;0;0;0;0;0;0;0;0;0
googoogahgah;0;0;0;0;0;1;0;0;0;0;0;0;0;0;0;0;0
government;0;0;0;0;0;1;0;0;0;0;0;0;0;0;0;0;0
gravelforpresident;0;0;0;0;0;0;1;0;0;0;0;0;0;0;0;0;0
greed;0;0;0;1;0;1;0;0;0;0;0;0;0;0;0;0;0
gue;0;0;0;0;0;1;0;0;0;0;0;0;0;0;0;0;0
gulag;0;0;1;0;0;0;0;0;0;0;0;0;0;0;0;0;0
guncontrol;0;0;0;0;0;0;0;0;0;1;0;0;0;0;0;0;0
gunpolitics;0;0;0;0;0;0;0;0;0;1;0;0;0;0;0;0;0
hillaryclinton;0;0;0;0;0;0;1;0;0;0;0;0;0;0;0;0;0
historicalrage;0;0;0;0;0;1;0;0;0;0;0;0;0;0;0;0;0
holocaust;0;0;0;0;0;0;0;0;0;0;0;1;0;0;0;0;0
illinoispolitics;0;0;0;0;0;1;0;0;0;0;0;0;0;0;0;0;0
indianmuslims;1;0;0;0;0;0;0;0;0;0;0;0;0;0;0;0;0
inslee2020;0;0;0;0;0;0;1;0;0;0;0;0;0;0;0;0;0
inthemorning;0;0;0;0;1;0;0;0;0;0;0;0;0;0;0;0;0
inthenews;0;1;0;0;0;0;0;0;0;0;0;0;0;0;0;0;0
iranpolitics;1;0;0;0;0;0;0;0;0;0;0;0;0;0;0;0;0
irishpolitics;1;0;0;0;0;0;0;0;0;0;0;0;0;0;1;0;0
irredeemables;0;0;0;0;0;0;0;0;1;0;0;1;0;0;0;0;0
israelexposed;1;0;0;0;0;0;0;0;0;0;0;0;0;0;0;0;0
jillstein;0;0;0;0;0;0;1;0;0;0;0;0;1;0;0;0;0
jimmydore;0;0;0;0;1;0;1;0;0;0;0;0;0;0;0;0;0
justicedemocrats;0;0;0;0;0;0;1;0;0;0;0;0;0;0;0;0;0
killthosewhodisagree;0;0;0;0;0;1;0;0;0;0;0;0;0;0;0;0;0
labor;0;0;0;1;0;0;0;0;0;0;0;0;1;0;0;0;0
law;0;0;0;0;0;1;0;0;0;0;0;0;0;0;0;0;0
leftcommunism;0;0;1;0;0;0;0;0;0;0;0;0;0;0;0;0;0
liberalgunowners;0;0;0;0;0;0;0;1;0;1;0;0;0;0;0;0;0
libertarianaustralia;0;0;0;0;0;0;0;1;0;0;0;0;0;0;0;0;1
libertarianmeme;0;0;0;0;0;0;0;1;0;0;0;0;0;0;0;0;0
libtard;0;0;0;0;0;0;0;0;0;0;0;1;0;0;0;0;0
marxism_101;0;0;1;0;0;0;0;0;0;0;0;0;0;0;0;0;0
media_criticism;0;0;0;0;0;1;0;0;0;0;0;0;0;0;0;0;0
metaNL;0;0;0;0;0;0;0;1;0;0;0;0;0;0;0;0;0
metanarchism;0;0;1;0;0;0;0;0;0;0;0;0;0;0;0;0;0
militant;0;0;1;0;0;0;0;0;0;0;0;0;0;0;0;0;0
mmt_economics;0;0;0;1;0;0;0;0;0;0;0;0;0;0;0;0;0
moderatepolitics;0;0;0;0;0;1;0;0;0;0;0;0;0;0;0;0;0
monarchism;0;0;0;0;0;1;0;0;0;0;0;0;0;0;0;0;0
mormonpolitics;0;0;0;0;0;1;0;0;0;0;0;0;0;0;0;0;0
mutualism;0;0;1;0;0;0;0;0;0;0;0;0;0;0;0;0;0
ndp;0;0;0;0;0;0;1;0;0;0;0;0;0;0;0;1;0
neoconNWO;0;0;0;0;0;0;0;0;1;0;0;0;0;0;0;0;0
neoliberal;0;0;0;0;0;0;0;1;0;0;0;0;0;0;0;0;0
neoprogs;0;0;0;0;0;0;0;0;0;0;0;0;1;0;0;0;0
neutralnews;0;1;0;0;0;0;0;0;0;0;0;0;0;0;0;0;0
nevadapolitics;0;0;0;0;0;1;0;0;0;0;0;0;0;0;0;0;0
neveragainmovement;0;0;0;0;0;0;0;0;0;1;0;0;0;0;0;0;0
new_right;0;0;0;0;0;0;0;0;0;0;1;1;0;0;0;0;0
nonmorons;0;0;0;0;0;1;0;0;0;0;0;0;0;0;0;0;0
nra;0;0;0;0;0;0;0;0;0;1;0;0;0;0;0;0;0
nrxn;0;0;0;0;0;1;0;0;0;0;0;0;0;0;0;0;0
nyspolitics;0;0;0;0;0;1;0;0;0;0;0;0;0;0;0;0;0
obama;0;0;0;0;0;0;1;0;0;0;0;0;0;0;0;0;0
obamacare;0;0;0;0;0;0;1;0;0;0;0;0;0;0;0;0;0
occupywallstreet;0;0;1;0;0;0;0;0;0;0;0;0;0;0;0;0;0
onguardforthee;0;0;0;0;0;0;0;0;0;0;0;0;0;0;0;1;0
overpopulation;0;0;0;0;0;1;0;0;0;0;0;0;0;0;0;0;0
pol;0;0;0;0;0;1;0;0;0;0;0;1;0;0;0;0;0
politicalcartoons;0;0;0;0;0;1;0;0;0;0;0;0;0;0;0;0;0
politicalfactchecking;0;1;0;0;0;1;0;0;0;0;0;0;0;0;0;0;0
politicalhinduism;1;0;0;0;0;0;0;0;0;0;0;0;0;0;0;0;0
politics;0;0;0;0;0;1;0;0;0;0;0;0;0;0;0;0;0
politicsdebate;0;0;0;0;0;1;0;0;0;0;0;0;0;0;0;0;0
postnationalist;0;0;0;0;0;0;0;0;0;0;0;0;1;0;0;0;0
prochoice;0;0;0;0;0;0;0;0;0;0;0;0;1;0;0;0;0
progressive;0;0;0;0;0;0;0;0;0;0;0;0;1;0;0;0;0
progun;0;0;0;0;0;0;0;0;0;1;0;0;0;0;0;0;0
prolife;0;0;0;0;0;0;0;0;1;0;0;0;1;0;0;0;0
propaganda;0;1;0;0;0;0;0;0;0;0;0;0;0;0;0;0;0
qualitynews;0;1;0;0;0;0;0;0;0;0;0;0;0;0;0;0;0
race;0;0;0;0;0;0;0;0;0;0;0;1;0;0;0;0;0
randpaul;0;0;0;0;0;0;0;0;1;0;0;0;0;0;0;0;0
realworldpolitics;0;1;0;0;0;0;0;0;0;0;0;0;0;0;0;0;0
redacted;0;1;0;0;0;0;0;0;0;0;0;0;0;0;0;0;0
republicans;0;0;0;0;0;0;0;0;1;0;0;0;0;0;0;0;0
restorethefourth;0;0;1;0;0;0;0;0;0;0;0;0;1;0;0;0;0
revolution;0;0;1;0;0;0;0;0;0;0;0;0;0;0;0;0;0
rojava;1;0;0;0;0;0;0;0;0;0;0;0;0;0;0;0;0
ronpaul;0;0;0;0;0;0;0;1;1;0;0;0;0;0;0;0;0
samharris;0;0;0;0;0;0;1;0;0;0;0;0;0;0;0;0;0
scotus;0;0;0;0;0;1;0;0;0;0;0;0;0;0;0;0;0
secondamendment;0;0;0;0;0;0;0;0;0;1;0;0;0;0;0;0;0
seculartalk;0;0;0;0;1;0;0;0;0;0;0;0;0;0;0;0;0
shitfascistssay;0;0;1;0;0;0;0;0;0;0;0;0;0;0;0;0;0
shitguncontrollerssay;0;0;0;0;0;0;0;0;0;1;0;0;0;0;0;0;0
shitleftistssay;0;0;0;0;0;0;0;0;1;0;0;0;0;0;0;0;0
shitneoliberalismsays;0;0;1;0;0;0;0;0;0;0;0;0;0;0;0;0;0
shittankiessay;0;0;1;0;0;0;0;0;0;0;0;0;0;0;0;0;0
slatestarcodex;0;0;0;0;0;1;0;0;0;0;0;0;0;0;0;0;0
slatestarcodex_cw;0;0;0;0;0;1;0;0;0;0;0;0;0;0;0;0;0
smuggies;0;0;0;0;0;0;0;0;0;0;0;1;0;0;0;0;0
socialanarchism;0;0;1;0;0;0;0;0;0;0;0;0;0;0;0;0;0
socialism;0;0;1;0;0;0;0;0;0;0;0;0;0;0;0;0;0
socialjustice101;0;0;1;0;0;0;0;0;0;0;0;0;1;0;0;0;0
stevencrowder;0;0;0;0;1;0;0;0;1;0;0;0;0;0;0;0;0
stopadvertising;0;1;0;0;0;0;0;0;0;0;0;0;0;0;0;0;0
stupidpol;0;0;1;0;0;0;0;0;0;0;0;0;0;0;0;0;0
syriancivilwar;1;0;0;0;0;0;0;0;0;0;0;0;0;0;0;0;0
syrianconflict;1;0;0;0;0;0;0;0;0;0;0;0;0;0;0;0;0
taxmarch;0;0;0;0;0;0;0;0;0;0;0;0;1;0;0;0;0
terrorism;0;0;0;0;0;1;0;0;0;0;0;0;0;0;0;0;0
the_meltdown;0;0;0;0;0;1;0;0;0;0;0;0;0;0;0;0;0
thedavidpakmanshow;0;0;0;0;1;0;0;0;0;0;0;0;0;0;0;0;0
thenewcoldwar;0;0;0;0;0;1;0;0;0;0;0;0;0;0;0;0;0
thenewsrightnow;0;1;0;0;0;0;0;0;0;0;0;0;0;0;0;0;0
theredpillright;0;0;0;0;0;0;0;0;0;0;1;0;0;0;0;0;0
thomasjefferson;0;0;0;0;0;1;0;0;0;0;0;0;0;0;0;0;0
tories;0;0;0;0;0;0;0;0;1;0;0;0;0;1;0;0;0
trollfare;1;0;0;0;0;0;0;0;0;0;0;0;0;0;0;0;0
trump;0;0;0;0;0;0;0;0;1;0;0;0;0;0;0;0;0
trump16;0;0;0;0;0;0;0;0;1;0;0;0;0;0;0;0;0
trumptweets;0;0;0;0;0;0;0;0;1;0;0;0;0;0;0;0;0
tuesday;0;0;0;0;0;0;0;0;1;0;0;0;0;0;0;0;0
tulsi;0;0;0;0;0;0;1;0;0;0;0;0;0;0;0;0;0
tytonreddit;0;0;0;0;1;0;0;0;0;0;0;0;0;0;0;0;0
ukipparty;0;0;0;0;0;0;0;0;0;0;0;0;0;1;0;0;0
ukpolitics;0;0;0;0;0;0;0;0;0;0;0;0;0;1;0;0;0
ukright;0;0;0;0;0;0;0;0;0;0;1;0;0;1;0;0;0
uncensorednews;0;1;0;0;0;0;0;0;0;0;0;1;0;0;0;0;0
unfilter;0;1;0;0;0;1;0;0;0;0;0;0;0;0;0;0;0
union;0;0;1;0;0;0;0;0;0;0;0;0;1;0;0;0;0
usanews;0;1;0;0;0;0;0;0;0;0;0;0;0;0;0;0;0
uspolitics;0;0;0;0;0;1;0;0;0;0;0;0;0;0;0;0;0
venezuelancivilwar;1;0;0;0;0;0;0;0;0;0;0;0;0;0;0;0;0
wakinguppodcast;0;0;0;0;1;0;0;0;0;0;0;0;0;0;0;0;0
walkaway;0;0;0;0;0;0;0;0;1;0;0;0;0;0;0;0;0
wexit;0;0;0;0;0;0;0;0;0;0;0;0;0;0;0;1;0
willis7737_news;0;1;0;0;0;0;0;0;0;0;0;0;0;0;0;0;0
worldevents;1;1;0;0;0;0;0;0;0;0;0;0;0;0;0;0;0
worldpolitics;1;1;0;0;0;0;0;0;0;0;0;0;0;0;0;0;0
worldtoday;1;1;0;0;0;0;0;0;0;0;0;0;0;0;0;0;0
yimby;0;0;0;0;0;1;0;0;0;0;0;0;0;0;0;0;0
